<?xml version="1.0" encoding="UTF-8"?>
<project-private xmlns="http://www.netbeans.org/ns/project-private/1">
    <editor-bookmarks xmlns="http://www.netbeans.org/ns/editor-bookmarks/2" lastBookmarkId="0"/>
    <open-files xmlns="http://www.netbeans.org/ns/projectui-open-files/2">
        <group>
            <file>file:/home/amen/public_html/sygis-ipm/application/controllers/recovery/StudyFeesController.php</file>
            <file>file:/home/amen/public_html/sygis-ipm/application/models/entities/Inscription.php</file>
            <file>file:/home/amen/public_html/sygis-ipm/application/config/customize/inscription/candidatassign.php</file>
            <file>file:/home/amen/public_html/sygis-ipm/application/controllers/inscription/RegistrationController.php</file>
            <file>file:/home/amen/public_html/sygis-ipm/application/views/templates/content/inscription/candidat/candidatform.tpl</file>
            <file>file:/home/amen/public_html/sygis-ipm/application/models/daoImpl/FeeDAO.php</file>
            <file>file:/home/amen/public_html/sygis-ipm/application/models/entities/PersonInfo.php</file>
            <file>file:/home/amen/public_html/sygis-ipm/application/views/templates/skeleton/sidebar.tpl</file>
            <file>file:/home/amen/public_html/sygis-ipm/application/controllers/inscription/CandidatController.php</file>
            <file>file:/home/amen/public_html/sygis-ipm/application/models/entities/Fee.php</file>
            <file>file:/home/amen/public_html/sygis-ipm/application/config/routes.php</file>
        </group>
    </open-files>
</project-private>
